"ruid","name"
"3926b48759d246dc8464a876ff7fa5ce","bgm00_florallife"
"ae1e81ea94f5421580ecbdf1b0fddfaf","bgm00_gopicnic"
"f555b438ab2a41b0a714ccc6dbe720df","bgm00_nightmare"
"73c799f6f29d4c7b9aac3c9759ce3865","bgm00_restnpeace"
"190ac389eaf547e1b817baaca733a5d0","bgm00_sleepywood"
"7a8f657721f7432fa0804dfbf2b8aadc","bgm01_ancientmove"
"bbbf2616f2064d658f4d53af5faf9d3e","bgm01_badguys"
"c46a6f5ea51443e29c7fa0a36a1786fa","bgm01_cavabien"
"ebcd7440e61c46f28d9b3dfa52b113ff","bgm01_highlandstar"
"b87b1307cb584a57941a1aeac41644c1","bgm01_moonlightshadow"
"d479098207e2405a8dfdaff121b04ebc","bgm02_abovethetreetops"
"bfa8c3e2a33f4e8d871e03df2737c304","bgm02_evileyes"
"de986ed081c846699d17f4c18622f828","bgm02_junglebook"
"e08a91d5292e423ebbc511ff14df482c","bgm02_missingyou"
"d004b763ed7a421c95a6a3204be532b7","bgm02_whenthemorningcomes"
"6b68d1ba391643fab60cd5f726cad64c","bgm03_beachway"
"96caf11b323447fd829582091b364995","bgm03_bluesky"
"34317917801643d2a22f6c17e979e949","bgm03_snowyvillage"
"563da467f219407ab9b9f65f8623dee2","bgm03_subway"
"63a5cbbb8f6d43cca698675adb2b7d6a","bgm04_playwithme"
"02301b8112894626a78f8d517aada78a","bgm04_shinin'harbor"
"31d14710b2144ca18d355a8271f2bd32","bgm04_warmregard"
"9eda2cba0a0d4348b994ab35ed764b8a","bgm04_whitechristmas"
"304c754c743341549676338f92fdeb5d","bgm05_abandonedmine"
"eabdc2ee5dfc4c238104ab9607c3bb11","bgm05_hellgate"
"b3460299e70a49579d02bc31f2297c77","bgm05_minequest"
"af3acec8784a4f80a0a354479b2132ff","bgm05_wolfwood"
"be5fb97e993e48b29e23b55ca2029610","bgm06_comewithme"
"2a898d7dbe4c422189e42897708eba4b","bgm06_fantasticthinking"
"c97353f4ebcd4af1b9c69a521fb1a635","bgm06_flyinginabluedream"
"bf1f1c64293943baa5ce66a2b6c8ce76","bgm06_welcometothehell"
"16a9abaf16ef442a8b6514d7e907419d","bgm07_fantasia"
"ad5ae4151d0f4adaa56922febbb43bcf","bgm07_funnytimemaker"
"4fc7d1d6121d48f4b4051e98fff30a86","bgm07_highenough"
"87784fb48a1e435dad1c33f348322dc4","bgm07_waltzforwork"
"1c02b98497e649ae9df8b55777eb1167","bgm07_whereveryouare"
"a9f6762dcb0f447f9d7677554eabac7f","bgm08_findingforest"
"e5c1aa0cec0b46518f48d55b7a311c73","bgm08_fortheglory"
"b65f57d7ad3846449e162585ce5098ad","bgm08_letshuntaliens"
"1bf978d3108645f980a855ef10a526a0","bgm08_letsmarch"
"af128afb31b1484e9592abbaae663406","bgm09_darkshadow"
"a4139e0733154eb1a2f1d785caf78c1e","bgm09_fairytale"
"bc2e96a4f49a4229be05a78ed21d4398","bgm09_fairytalediffvers"
"fcd18880cff0408e881dac4aa3e4169b","bgm09_theymenacingyou"
"37c1ae3991fb47d29225209e97dcd6cb","bgm09_timeattack"
"58942d1f12334b0ba6b6771a29fae22c","bgm10_bizarretales"
"8b1e29146842409f8e55642b5927de7c","bgm10_thewaygrotesque"
"a36f0f15465d4cbf8c79460858ad53b6","bgm10_timeless"
"537e35fe97b84b19b906e61f1c9d87b2","bgm10_timelessb"
"04e316d3c4084cbab2a86beacee2b767","bgm11_aquarium"
"00d83a12fc444a81b66af176d23fa695","bgm11_blueworld"
"d3504fb295be4807a089f8f505f88d30","bgm11_darkmountain"
"76e0b78973844339a9d443aeed5564d9","bgm11_downtown"
"ade75165d86c409aa50a1115722ceb54","bgm11_shiningsea"
"eb63df16ca3f443a8d81da447e6917ce","bgm12_acientremain"
"4f16b0b4ffd54477a7dc02174626e155","bgm12_aquacave"
"7b302352b0614439861f89eda29fad3f","bgm12_deepsee"
"55117072498b4e6bafcfe45da29cd1f8","bgm12_dispute"
"2a5fe3287c4c4a169e95f033411f4990","bgm12_ruincastle"
"1261a0c32aaa48ee8218df7bb38c2435","bgm13_acientforest"
"a64ca7a9824b4c24a4ef19d15181541b","bgm13_leafre"
"87ad51b138dc433ab652facf35564a62","bgm13_minar'sdream"
"b0e9ff1328714317bec4a1adcf2faadb","bgm13_towerofgoddess"
"2dd03c76b331416bbf9752f6a897988e","bgm14_ariant"
"f2677ea116ba4474bd80277b32545758","bgm14_caveofhontale"
"3561723eb9c6443c9a42d5c9eeb2c8e7","bgm14_dragonload"
"ecc11fe5cb074083bc27ad1334b727d0","bgm14_dragonnest"
"34f722580dd045a59744517143e875d6","bgm14_hontale"
"b61f3fa5871841ba9a44ac7681f86817","bgm14_hotdesert"
"3826f700c1944e40a4a6ecf5bbda7a10","bgm15_deepcave"
"a8d9d161381c4f7bab3b95f8871662eb","bgm15_elincave"
"9642ef6c4a4a4e83984665eedc2840a9","bgm15_elinforest"
"d2b348698c6e4899aa35536b40a1d1c6","bgm15_innautilus"
"52205e07ceaf4902a7f3f0789334c9cc","bgm15_mureungforest"
"ea14202614c74967a9461c4521aab7e3","bgm15_mureunghill"
"ab3383f554f64622b56e2f6e41b5a917","bgm15_nautilus"
"bc60a5ce1e754011b22c1a29e938106c","bgm15_pirate"
"ac30e4669c3e445783a0ded36cfa52e2","bgm15_poisonforest"
"e755890f739d4e92901ab4104df8b04c","bgm15_queenshideout"
"cc16343374894dd49ad90233a394c78d","bgm15_sunsetdesert"
"c5b4f2b9b4ea48c8b2c105d8c52bce20","bgm15_whiteherb"
"d51e7664c4724ea1a66d8ad4b46f34cc","bgm16_duskofgod"
"e7294fefc4ca42e282b8dfa9ddb9fd52","bgm16_fightingpinkbeen"
"49375db3645c46e29c1f003d5a6d5946","bgm16_forgetfulness"
"428308f89b6e482ca285feec0aff6dd0","bgm16_remembrance"
"b096f4699a334cdbb084d78bf7f590a5","bgm16_repentance"
"bd10e5547cf5400b8529a3faa6fa1553","bgm16_timetemple"
"bc78151a6b804575be78cc1684e456da","bgm17_mureungschool1"
"163d5269fa55416786134096fa92bcbb","bgm17_mureungschool2"
"1974e263b5644b679b4bee6c1df33692","bgm18_queensgarden"
"3c7eac1135c54c06963e44aeea3306f7","bgm18_raindropflower"
"b9cc105e858e48cfac26c73ee8ff2e08","bgm18_wolfandsheep"
"7c9631d823b84bca86c3a45febabb52d","bgm19_mushcatle"
"3dd2569b18b546568d356412c3bab8b5","bgm19_snowdrop"
"e708d95c152245e8be3f8a5eb447b308","bgm23_blizzardcastle"
"bc730b6f06c7434880ff08cd1d112634","bgm23_crimsontower"
"488ae804c7e745049a589f355e485979","bgm23_lionheart"
"b5037240b70d43a0bf59ab1b356997a5","bgm29_joyfulteaparty"
"d3a103216f304ba8a712e4a8004de434","bgmevent_funnyrabbit"
"2daeb6e95eac49a6b4a3105c0a6c895d","bgmevent_funnyrabbitfaster"
"b0ab2d0776484a1ba79998d4bdeaded1","bgmevent_halloweenmainhall"
"2c8347a492504778a0a480bbc9b2a2bf","bgmevent_halloweenracing"
"ce62fa0f1529415eb52ef5d28a392211","bgmevent_weddingdance"
"12d8afe49e624b1387448cf902567618","bgmevent_wichtower"
"15c80c731ae841a284e30a3870f31d6b","bgmgl_amoria"
"732c8aeac0624d21bdcfc89bc6244105","bgmgl_courtyard"
"4a48bbd4b74142a6a997d478e78ed870","bgmgl_crimsonwoodkeepinterior"
"b860c55b93a44eaaa2bb1e995f952bf6","bgmgl_hauntedhouse"
"97a774405ab14f8c961d967ac49964cf","bgmgl_partyquestgl"